id,title,generatedSummary
"4903","被災者生活再建支援制度"," 被災者生活再建支援制度は、自然災害により住宅が全壊した世帯などに対して支援金を支給する制度である。支給額は世帯人数や被害程度、再建方法によって異なり、使途は限定されない。"
"10104","県立高等学校学習者用端末購入補助"," 県立高校の生徒が端末購入費の一部を15,000円まで補助される。対象者は令和4年度以降に入学し、補助金を受けたことがない者。"
"1068","キャリア形成サポートセンター"," キャリア形成サポートセンターは、ジョブ・カードを活用した採用活動や従業員の人材育成、セルフ・キャリアドックの導入推進などを行い、企業の組織活性化や生産性の向上を支援し、在職者にはジョブ・カードを活用したキャリアコンサルティングを行うサービスを提供しています。"
"10176","保育施設等の利用に係る現況届"," 教育・保育給付認定を受けている保護者は、毎年1回、市区町村に就労状況等を届け出し、保育施設等の利用を希望する者であれば、引き続き利用を可能とする。"
"1517","税務上の取扱いに関する事前照会に対する文書回答手続"," 国税庁は、納税者が実際に行う取引等に関して税務上の取扱いが明らかでない事項について、取引前または申告期限前の照会に応じて文書による回答を行い、その内容を公表することで他の納税者にも法令の適用等を予測可能性を与えるサービスを提供している。"
"10184","児童手当等に係る寄附の申出"," 児童手当等の受給資格者が、全部または一部を寄附する旨を申し出ることができます。"
"4907","年金担保貸付、労災年金担保貸付"," id: 4907の「年金担保貸付、労災年金担保貸付」は、国民年金、厚生年金保険、労災年金を担保に、保健・医療や住宅改修資金などを融資するもので、年金受給者の方が対象です。"
"10185","居住支援法人補助事業"," 居住支援法人補助事業は、住宅セーフティネット法に基づき、都道府県が指定した居住支援法人に対して、国が入居および居住支援等に要する費用を補助するものである。"
"10164","児童手当等に係る寄附変更等の申出"," 児童手当等の受給資格者が、児童手当等の寄附申出書の内容を変更または撤回することを希望する場合、申出することができる。"
"10137","地域における家庭教育支援基盤構築事業"," 自治体が子育て中の保護者に対する家庭教育支援を行うための補助金で、地方公共団体を対象としている。"
"4905","生活福祉資金制度による貸付（緊急小口資金・福祉費（災害援護費）"," 低所得世帯、障害者世帯又は高齢者世帯に対して、生活福祉資金を貸付する制度であり、緊急小口資金・福祉費（災害援護費）などがあり、災害時には特例措置が実施される。"
"10177","神奈川県新型コロナワクチンポータルサイト"," 神奈川県の新型コロナワクチンに関する情報を提供するポータルサイトで、接種を検討している方や副反応を疑う症状について相談したい方、接種を行う医療機関を対象としている。"
"10172","児童扶養手当の認定請求"," 児童扶養手当を受給するためには申請が必要で、受給資格と額を認定する。対象は18歳未満（20歳未満の障害児）を監護する母、父、または養育者。"
"10161","妊娠の届出"," 妊娠がわかったら、妊娠の届出をし、母子健康手帳を交付する。対象者: 妊娠した人。"
"10156","神奈川県土砂災害情報ポータル"," 神奈川県内の土砂災害情報を発信するid:10156のポータルサイト。"
"10148","子育て短期支援事業"," 子育て短期支援事業は、保護者の疾病や仕事などの理由により家庭での養育が一時的に困難になった児童、または緊急の場合において、児童養護施設等で一定期間子どもを預かる事業である。"
"10134","青年国際交流事業における参加費免除制度"," 内閣府青年国際交流事業の「世界青年の船」事業に参加する青年で、独立生計者以外で経済的理由により参加費の納付が困難な者は参加費の免除を申請できる。"
"10023","食品リサイクルループ(再生利用事業計画認定制度)"," 食品関連事業者、リサイクル業者、農業者が連携して策定した食品リサイクルループの事業計画を主務大臣が認定することで、廃棄物から肥料・飼料を生産し、それを用いて生産した農産物を食品関連事業者が取り扱うことを推進する。"
"4927","生活保護"," 生活保護は、生活困窮している方への必要な保護を行うもので、生活扶助、教育扶助、住宅扶助、医療扶助、介護扶助、出産扶助、生業扶助及び葬祭扶助から構成されています。資産や能力等すべてを活用した上でも生活に困窮する方が対象です。"
"1415","青年農業者等育成センター"," 静岡県で新規就農を希望する方への相談対応、就農支援制度の紹介を行う青年農業者等育成センター。"
"916","県営住宅の家賃減免・徴収猶予および住居を失った方への県営住宅等の一時提供"," 県営住宅に入居中の方で、新型コロナウイルス感染症の影響により収入が著しく減少した方、または解雇等により住居を失った方に対し、家賃の減免・徴収猶予、または一時提供を行う。"
"10165","児童手当等受給資格者の申出による学校給食費等の徴収等の申出"," 児童手当等の受給資格者が、児童手当等からの学校給食費等の徴収を申し出ることができる。"
"10130","地域子供の未来応援交付金"," 地方自治体による子どもの貧困対策を支援するため、NPO等に対し委託を行う食材提供事業への補助を行う「地域子供の未来応援交付金」を提供します。"
"10110","宅地防災工事融資"," 地方公共団体から勧告または改善命令を受けた方に対して、のり面の保護、排水施設の設置、整地、擁壁の設置の工事のための費用を融資する宅地防災工事融資を行う。対象は宅地造成等規制法、急傾斜地の崩壊による災害の防止に関する法律、建築基準法に基づき、勧告または改善命令を受けた方。"
"10068","公営住宅への入居"," 低所得の被災者の方は、都道府県または市町村が整備する公営住宅に入居でき、家賃は収入に応じて設定され、必要がある場合は減免されることがあります。"
"10145","高等学校等の専攻科の生徒への支援"," id:10145の高等学校等の専攻科の生徒への支援制度は、低所得世帯の生徒を対象に授業料の支援を行うものである。"
"10031","外国漁船の寄港の許可"," 外国漁船が我が国に寄港する場合は、農林水産大臣の許可が必要であり、特定漁獲物の陸揚げや転載を目的とした寄港は禁止されている。"
"10100","高等学校学び直し支援金（県立）"," 県立高等学校で学び直す者に対して、授業料を実質無償とする学び直し支援金が支給される。対象者は、日本国内に住所を有している、就学支援金の対象となったことがない、所得による制限を超過していない、高校等（修業年限が3年未満のものを除く）を卒業または修了していない者。"
"10045","キャリア形成サポートセンター"," キャリア形成サポートセンターは、ジョブ・カードを活用した採用活動や従業員の人材育成、セルフ・キャリアドックの導入推進などを行い、企業の組織活性化や生産性の向上を支援し、在職者にはジョブ・カードを活用したキャリアコンサルティングを行うサービスを提供しています。"
"10008","漁船の建造、改造および転用の許可"," 漁船の建造、改造、転用には農林水産大臣または都道府県知事の許可が必要である。対象者は、漁船を建造しようとする人、自分の漁船を改造しようとする人、漁船でない船舶を漁船として使用しようとする人。"
"10146","在外教育施設の高等部の生徒への支援"," 文部科学大臣の認定を受けた在外教育施設の高等部に通う日本国籍を有する生徒を対象に、授業料の負担を軽減するための就学支援金を支給する制度です。"
"1480","住宅相談"," 一般財団法人福岡県建築住宅センターが、福岡県民の住まい全般に関する幅広い相談を無料でアドバイスする。"
"10128","ハロートレーニング（公的職業訓練）"," 災害により離職した者が、再就職のために職業訓練を受け、技能や知識を身につけることができ、訓練期間中の生活支援のための給付金も支給される制度がある。"
"1032","住居確保給付金"," 生活困窮者自立支援法に基づき、離職・廃業後2年以内の者、または給与等を得る機会が当該個人の責めに帰すべき理由・当該個人の都合によらないで減少し、離職や廃業と同程度の状況にある者に対して、家賃相当額を支給する「住居確保給付金事業」を実施しています。"
"2346","就職氷河期世代専門相談窓口"," 群馬県若者就職支援センター（ジョブカフェぐんま）高崎センター内に「就職氷河期世代専門相談窓口」を開設し、就職氷河期世代の仕事探しをサポートする。就職氷河期世代と企業のマッチングを図るため、カウンセリングから職業紹介、就職後のフォローアップ、合同企業説明会、職場見学・インターンシップなどを行っている。"
"10037","6次産業化・農山漁村発イノベーション"," 令和4年度から、農林水産物や農林水産業に関わる多様な地域資源を活用し、新事業や付加価値を創出する農山漁村発イノベーション支援事業を支援しています。支援対象は農林漁業者等、商工業者の組織する団体、民間事業者、公益社団法人、公益財団法人、一般社団法人、一般財団法人、"
"10048","弁護士費用の立替え等に係る民事法律扶助制度"," 法テラスでは、経済的に余裕のない方が法的トラブルにあったときに、無料法律相談、弁護士または司法書士費用の立替え等の援助を行う民事法律扶助制度を提供しています。"
"10047","法的トラブル等に関する情報提供"," 法テラス地方事務所や法テラス・サポートダイヤル等で、法的トラブルの解決に役立つ法制度や適切な窓口を無料で案内します。制限はありません。"
"1233","「やまなし・しごと・プラザ」および「やまなし・しごと・プラザサテライト」"," id: 1233の「やまなし・しごと・プラザ」および「やまなし・しごと・プラザサテライト」では、キャリアコンサルティングや面接練習、応募書類の書き方等の就職支援を行っている。対象者は15歳から39歳までの就職希望者（学生含む）、子供の就職に悩む保護者、40歳以上の就職希望者、生活困窮者、子育て中の就職希望者である。"
"1454","やまなし暮らし支援センター"," 東京都有楽町にある東京交通会館内にあるやまなし暮らし支援センターは、山梨県への移住やU・Iターン就職などの相談窓口であり、移住・就職相談・住宅情報・生活情報・就職情報の提供、市町村窓口の紹介、市町村パンフレット等の提供、移住・就職に関するイベント情報の発信、山梨県での田舎暮らし実践者によるセミナ"
"1455","外国人留学生就職支援ナビ"," 山梨県が運営する、外国人留学生向けの山梨県の企業情報を発信するサイト「外国人留学生就職支援ナビ」。採用情報、インターンシップ情報などを日本語他8か国語で掲載し、地域や様々な条件ごとに企業を検索できる。対象は山梨県に事業所等がある企業、閲覧対象は就職を考えている外国人留学生。"
"959","DV相談"," id: 959 のタイトル「DV相談」は、DVの相談窓口（秘密厳守・相談無料）を対象としたものです。"
"10032","外国漁船以外の船舶の本邦港での漁獲物等の陸揚げ等の許可"," 外国漁船以外の船舶の船長は、本邦の水域以外の水域から本邦の港に漁獲物を陸揚げまたは転載することを禁止する。"
"10099","県立高等学校授業料等の減免制度"," 県立高等学校に入学した生徒や卒業した生徒に対して、就学支援金、学び直し支援金、専攻科支援金が対象外となる場合に、授業料等の減額、免除を行う制度である。"
"10096","高等学校等就学支援金制度（県立）"," 高等学校等就学支援金制度は、国公私立を問わず、高校生が勉学に打ち込める社会をつくるため、家庭の教育費負担を国が支援する制度である。"
"10075","既設公営住宅の復旧"," id:10075の「既設公営住宅の復旧」は、国が支援を行い地方公共団体の負担を軽減する特例制度で、被災した既設の公営住宅等や共同施設の再建・補修・宅地の復旧を対象としている。"
"10074","災害公営住宅の整備"," 災害により住宅を失った低額所得者向け公営住宅を整備する場合、国が支援を行い地方公共団体の負担を軽減する特例制度である。"
"10070","地域優良賃貸住宅への入居"," 被災者の世帯が38万7千円以下であれば、都道府県、市町村、地方住宅供給公社、民間事業者等が整備する地域優良賃貸住宅に入居する支援を行います。"
"10069","特定優良賃貸住宅等への入居"," 被災者の方が特定優良賃貸住宅等に入居する支援を行う。対象は48万7千円以下の所得のある者（15万8千円以下の所得のある者においては、所得の上昇が見込まれる者）である。"
"10080","地域型住宅グリーン化事業"," id:10080の「地域型住宅グリーン化事業」では、ZEH、認定長期優良住宅、認定低炭素住宅等の木造住宅の建設に対して補助を行い、木造住宅の生産体制を強化し、環境負荷の低減を図る。対象者は本事業の要件を満たす木造住宅の建設を行う方、採択されている中小工務店等の事業者。"
"10066","市街地再開発事業"," 市街地再開発事業は、防災上危険な地区や、駅前広場等の公共施設の整備の遅れている地区を再整備する事業で、基本計画作成や調査設計、土地整備、共同施設整備などが助成対象となっている。"
"10065","市街地再開発事業"," 市街地再開発事業は、防災上危険な地区や、駅前広場等の公共施設の整備が遅れている地区を再整備する事業で、基本計画作成や調査設計、土地整備、共同施設整備などが助成対象となっている。"
"10064","土地区画整理事業"," id:10064の土地区画整理事業は、換地手法を用いて公共施設を整備し、土地の区画を整え宅地利用を増進させ、健全な市街地の形成と良好な宅地の供給を図る事業で、地方公共団体等を対象とした助成がある。"
"10052","生活衛生改善貸付"," 生活衛生改善貸付制度は、日本政策金融公庫が無担保・無保証人で融資を行う制度で、貸付限度額2,000万円、貸付金利1.30%で、小規模事業者常時使用する従業員が5人以下（旅館業および興行場営業の場合は20人以下）の生活衛生関係の事業を営む法人・個人事業主、または生活衛生同業組"
"10049","被災者（個人・個人事業主）の債務整理支援"," 被災者の債務整理支援として、自然災害の影響により返済が困難な個人の住宅ローンや個人事業主の借入金の免除等を受けることができる。"
"10006","生活困窮者自立支援制度ポータルサイト（神奈川県）"," id: 10006、神奈川県の生活困窮者自立支援制度情報を発信するポータルサイト。"
"10021","登録再生利用事業者制度"," 食品リサイクル法第11条に基づき、主務大臣がリサイクル業者を登録し、食品廃棄物等の再生利用を行うリサイクル業者の育成を図る登録再生利用事業者制度を実施する。"
"10018","登録謄本の交付"," 都道府県に申請することで、漁船原簿の謄本（漁船登録の写し）を交付することができる。"
"10017","登録票の検認"," 漁船登録票を受け取った漁船の所有者は、5年毎に都道府県の検認を受ける必要があり、検認の時期には検認届を都道府県に提出する必要がある。"
"10016","登録票の返納、返納できない理由の届出"," 漁船登録が失効した場合、登録票を都道府県に返納する必要があり、紛失等により返納できない場合は理由を届け出る必要がある。対象者は漁船の所有者、または所有者が死亡した場合は相続人など。"
"10015","登録票の再交付"," 漁船登録票を紛失したり、汚損して使用できなくなった場合は、都道府県へ申請して登録票の再交付を受けることができる。対象: 漁船登録されている漁船の所有者。"
"10014","登録事項変更の登録"," 漁船の所有者は、漁船登録の内容が変更された場合、都道府県に変更の申請をする必要がある。"
"10012","工事完成後の認定"," 漁船の建改造許可を受けた人は、工事完成後に認定届を提出して認定を受ける必要があります。"
"10011","建造等をするべき期間の延長の許可"," 漁船の建改造許可を受けた人が、許可の期限内に工事が終わらない見込みの場合、許可期間の延長を申請する必要がある。"
"10010","許可事項の変更の報告"," 漁船の建改造等の許可を受けた後、許可事項を変更する場合は、農林水産大臣または都道府県知事に変更の報告が必要である。対象者は漁船法に基づく漁船の建改造許可を受けた人。"
"10009","許可事項の変更の許可"," 漁船の建改造許可を受けた後、許可の内容を変更する場合は、許可者に変更の許可を申請する必要がある。"
"10001","やまなし食の安全・安心ポータルサイト"," id: 10001の「やまなし食の安全・安心ポータルサイト」は、食品表示法や県の取組、リスクコミュニケーションなど、食の安全・安心に関する情報を一般県民・事業者向けに掲載している。"
"1878","外国人総合相談窓口"," 鹿児島県内にお住まいの外国人の方々が、在留資格や雇用、医療、福祉、出産・子育て、子どもの教育などの生活に関する適切な情報や相談場所に迅速に到達できるよう、多言語で情報提供や相談を行う「外国人総合相談窓口」を開設しています。"
"1754","電子帳簿等保存制度"," id:1754の「電子帳簿等保存制度」は、納税者の事務負担を軽減するため、一定の帳簿書類を紙に出力せず、ハードディスクなどに記録した電子データのままで保存できる制度である。"
"963","ひとり親家庭の親および寡婦の就業に関する相談"," id: 963のひとり親家庭の親および寡婦の就業に関する相談を受け付けるほか、養育費相談にも対応する就業支援を行う。"
"4901","災害弔慰金"," 災害により死亡した方のご遺族に対して、災害弔慰金を支給する。支給額は市町村条例により定められ、生計維持者が死亡した場合は500万円以下、その他の者が死亡した場合は250万円以下を支給する。対象となる災害は自然災害で１市町村において住居が５世帯以上滅失した災害等。"
"4902","災害障害見舞金"," 災害による負傷、疾病で精神又は身体に著しい障害を受けた方に対して、災害障害見舞金を支給する。対象となる災害は、自然災害で１市町村において住居が５世帯以上滅失した災害等である。"
"4904","災害援護資金"," 災害により被害を受けた世帯の世帯主が対象となる災害援護資金を支給し、生活の再建に必要な資金を貸し付けます。所得制限があり、自然災害で都道府県において災害救助法が適用された市町村が１以上ある場合などの災害が対象となります。"
"4906","母子父子寡婦福祉資金貸付金"," id: 4906の「母子父子寡婦福祉資金貸付金」は、母子家庭、父子家庭、寡婦を対象に、経済的な自立と生活の安定を図るために必要な経費を貸し付けるものであり、被災した方には特別措置を講じます。"
"4909","教科書等の無償給与（災害救助法）"," 災害救助法に基づき、被害を受け学用品を失った小・中学校、高等学校等の児童・生徒に対して、教科書や教材、文房具、通学用品を無償支給する。"
"4910","特別支援学校等への就学奨励事業"," id:4910の「特別支援学校等への就学奨励事業」は、被災により就学が困難となった幼児、児童又は生徒の保護者等を対象に、通学費、学用品費、学校給食費、修学旅行費等を援助する事業である。"
"4912","高等学校授業料等減免措置"," id: 4912の高等学校授業料等減免措置は、災害による経済的な理由によって授業料等の納付が困難な生徒を対象に、授業料、受講料、入学料及び入学者選抜手数料等の徴収猶予又は減額、免除を行う。対象は地方公共団体の長が天災その他特別の事情のある場合において減免を必要とすると認める方。"
"4913","高校生等奨学給付金"," 高校生等奨学給付金は、低所得世帯や災害等により非課税相当となった世帯の生徒を対象に授業料以外の教育費負担を軽減するために支給するもので、都道府県が家計急変による経済的理由から住民税非課税世帯に相当すると認める方が対象となります。"
"4914","高等教育の修学支援新制度（家計が急変した学生）"," 住民税非課税世帯を対象に、給付型奨学金と授業料等減免による支援を行う高等教育の修学支援新制度。家計が急変した場合は家計急変後の収入見込みにより審査を行う。"
"4915","大学等授業料等減免措置"," 災害により授業料等の納付が困難な学生を対象に、大学等で授業料等の減額、免除を行う。"
"4916","国の教育ローン"," id: 4916のタイトル「国の教育ローン」は、入学資金・在学資金等の教育資金を融資するもので、貸付限度額は学生・生徒1人あたり350万円以内、対象経費は学校納付金、受験費用、教科書代、定期代、下宿代等、保証人は（公財）教育資金融資保証基金または連帯保証人（学生・生徒の4親等以内の親族）が必要で"
"4917","緊急採用奨学金"," 災害等により家計が急変した学生・生徒に対して、緊急採用奨学金を貸与する。対象は大学・短期大学・大学院・高等専門学校・専修学校（専門課程）の学生・生徒。"
"4918","児童扶養手当等の特別措置"," 被災者世帯に対して、児童扶養手当・特別児童扶養手当・特別障害者手当・障害児福祉手当の所得制限の特例措置を実施する。対象は障害者・児のいる世帯、児童扶養手当受給者世帯。"
"4919","地方税の特別措置"," 被災者に対して、地方税 (個人住民税、固定資産税、自動車税など) の一部軽減又は免除、徴収の猶予、期限の延長を行う特別措置があり、一定の要件を満たす方が対象となります。"
"4920","国税の特別措置"," 国税の特別措置として、被災等により申告、納付が困難な場合、期限を延長したり、納税の猶予や減額、雑損控除、税金の軽減免除などを受けることができます。"
"4925","放送受信料の免除"," NHKの放送受信料の支払が困難な場合、受信契約者の被害を受けた建物が半壊・半焼又は床上浸水以上程度の被害を受けた場合、放送受信料が一定期間免除される。"
"4926","被災者（個人・個人事業主）の債務整理支援"," 被災者の債務整理支援として、自然災害の影響により借入の返済が困難な個人・個人事業主に対し、債務の免除等を受けることができる。"
"4929","未払賃金立替払制度"," 企業倒産により賃金未払いの状態で退職した労働者に対して、独立行政法人労働者健康安全機構が事業主に代わって未払賃金の一部を支払う制度である。"
"4930","雇用保険の失業等給付"," 雇用保険は、失業した労働者に求職者給付、就職促進給付、教育訓練給付、雇用継続給付を支給し、また、休業した事業所に雇用される方に雇用保険の基本手当を支給する特例措置を実施しています。"
"4931","ハロートレーニング（公的職業訓練）"," 災害により離職した者が、再就職のために職業訓練を受け、技能や知識を身につけることができる「ハロートレーニング（公的職業訓練）」があり、訓練期間中の生活支援のための給付金も支給される。"
"4933","法的トラブル等に関する情報提供"," 法テラス地方事務所や法テラス・サポートダイヤル等で、法的トラブルの解決に役立つ法制度や適切な窓口を無料で案内します。制限はありません。"
"4934","弁護士費用の立替等に係る民事法律扶助制度"," 法テラスでは、経済的に余裕のない方が法的トラブルにあったときに、無料法律相談、弁護士又は司法書士費用の立替え等の援助を行う民事法律扶助制度を提供しています。"
"4935","災害復興住宅融資（建設）"," 災害復興住宅融資（建設）は、罹災証明書を受け取った住宅の所有者又は居住者が住宅を建設する場合に受けられる融資であり、床面積の制限はなく、独立行政法人住宅金融支援機構の基準を満たす必要がある。"
"4936","災害復興住宅融資（購入）"," 災害復興住宅融資（購入）は、罹災証明書を受け取った住宅の所有者又は居住者が住宅を購入する場合に受けられる融資で、融資限度額は3,700万円、返済期間は35年である。対象者は、住宅が「全壊」、「大規模半壊」又は「半壊」した旨の「罹災証明書」を受け取った方である。"
"4937","災害復興住宅融資（補修）"," 「罹災証明書」を受けた住宅の所有者又は居住者が住宅を補修する場合に受けられる融資で、融資限度額は1,200万円、返済期間は20年である。対象者は「罹災証明書」を受けた住宅の所有者又は居住者である。"
"4938","住宅金融支援機構融資の返済方法の変更"," 住宅金融支援機構へ融資を受けている被災者に対して、返済方法の変更を行うことで被災者を支援する。返済金の払込みの猶予、金利の引下げ、返済期間の延長などを行う。対象者は被災後の収入が機構で定める基準以下となる見込みの方。"
"4939","生活福祉資金制度による貸付（福祉費（住宅補修費））"," 生活福祉資金制度により、被災した住宅の補修、保全、増築、改築等に必要な経費を貸し付ける。貸付限度額は250万円（目安）、据置期間は6月以内、償還期間は7年以内（目安）。対象は低所得世帯、障害者世帯又は高齢者世帯。"
"4940","母子父子寡婦福祉資金の住宅資金"," 母子・父子・寡婦世帯の住宅資金を貸し付ける。貸付限度額200万円以内、貸付利率無利子、据置期間6か月、償還期間7年。対象は住宅が全壊・半壊、全焼・半焼、流出、床上浸水等の被害を受けた母子・父子・寡婦世帯。"
"4941","公営住宅への入居"," 低所得の被災者の方が公営住宅に入居する支援を行う。家賃は収入に応じて設定され、必要な場合は一定期間減免される。対象は住宅困窮要件を満たす方で、資格要件は地方公共団体が定める。"
"4943","地域優良賃貸住宅への入居"," 被災者の世帯が、都道府県、市町村、地方住宅供給公社、民間事業者等が整備する地域優良賃貸住宅に入居する支援を行う。対象は、所得が38万7千円以下の世帯である。"
"4946","宅地防災工事融資"," 地方公共団体から勧告又は改善命令を受けた方に対して、のり面の保護、排水施設の設置、整地、擁壁の設置の工事のための費用を融資する宅地防災工事融資を行う。"
"4947","地すべり等関連住宅融資"," 地すべりや急傾斜地の崩壊により被害を受けるおそれのある家屋を移転したり、これに代わるべき住宅を建設又は購入する場合に利用できる融資で、関連事業計画又は勧告に基づいて移転又は除去を要する住宅の所有者、賃借人又は居住者が対象です。"
"4948","住宅の耐震化事業"," id: 4948の住宅の耐震化事業は、住宅の耐震性の向上を図る事業で、住宅の耐震診断、補強設計、耐震改修及び建替えを行う方が対象となる。"
"4949","長期優良住宅化リフォーム推進事業"," id:4949の長期優良住宅化リフォーム推進事業では、耐震改修や劣化対策改修、省エネ改修等の住宅の性能を向上させるリフォーム工事費等の一部を補助する。対象者は本事業の要件を満たすリフォームを行う方で、申請は施工業者または買取再販事業者から行う。"
"4950","地域型住宅グリーン化事業"," id:4950の地域型住宅グリーン化事業では、省エネルギー性能や耐久性等に優れた木造住宅の建設及び省エネ改修に対して補助を行い、本事業の要件を満たす木造住宅の建設または省エネ改修を行う方に対して補助を行う。"
"4951","リフォーム税制"," 住宅のリフォーム時に、一定の要件を満たせば、減税や税制優遇を受ける特例制度があり、耐震リフォーム、省エネリフォーム、バリアフリーリフォーム、長期優良住宅化リフォームなどが対象となる。"
"4952","株式会社日本政策金融公庫、沖縄振興開発金融公庫による資金貸付"," 株式会社日本政策金融公庫、沖縄振興開発金融公庫が農林漁業者等に対して資金貸付を行っている。"
"4953","小規模事業者経営改善資金（マル経融資）"," 日本政策金融公庫が商工会議所等の経営指導を受ける小規模事業者に対して、無担保・無保証人で融資を行う小規模事業者経営改善資金（マル経融資）制度を提供している。"
"4954","生活衛生改善貸付"," 日本政策金融公庫が、都道府県生活衛生営業指導センターの経営指導を受ける生活衛生関係営業者に対して、無担保・無保証人で融資を行う「生活衛生改善貸付制度」を実施している。対象者は、小規模事業者常時使用する従業員が５人以下（旅館業及び興行場営業の場合は２０人以下）の生活衛生関"
"4955","災害復旧貸付"," 日本政策金融公庫、沖縄振興開発金融公庫が被災した中小企業・小規模事業者等に対して、事業復旧のための運転資金及び設備資金を融資する災害復旧貸付を行う。"
"4956","高度化事業（災害復旧貸付）"," 都道府県と独立行政法人中小企業基盤整備機構が、大規模な災害により被害を受けた事業用施設を中小企業者が共同で復旧する場合に必要な資金の一部を貸付ける「高度化事業（災害復旧貸付）」がある。"
"4957","セーフティネット保証４号"," 信用保証協会が自然災害などの突発的事由により経営の安定に支障が生じている中小企業者へ、通常の保証限度額とは別枠で保証を行うセーフティネット保証４号を提供している。"
"4958","災害関係保証"," 信用保証協会が、災害により主要な事業用資産に被害を受けた中小企業者へ、通常の保証限度額とは別枠で保証を行う。対象者は、罹災証明書を提出する必要がある。"
"4959","職場適応訓練費の支給"," 職場適応訓練を実施する事業主に対して訓練費、訓練生に対して訓練手当を支給する。訓練期間は6か月（重度の障害者は1年）、短期の職場適応訓練は2週間（重度の障害者は4週間）以内。"
"4960","災害公営住宅の整備"," 災害により住宅を失った低額所得者向けの公営住宅の整備を行う場合、国が支援を行い地方公共団体の負担を軽減する特例制度がある。"
"4961","既設公営住宅の復旧"," 国が支援を行い、地方公共団体の負担を軽減する特例制度で、被災した既設の公営住宅等や共同施設を復旧する。"
"4962","市街地再開発事業"," 市街地再開発事業は、防災上危険な地区や、駅前広場等の公共施設の整備が遅れている地区を再整備する事業で、基本計画作成や調査設計、土地整備、共同施設整備などが助成対象となっている。"
"4963","宅地耐震化推進事業"," 宅地耐震化推進事業は、大規模盛土造成地などの変動予測調査及び防止対策を推進する事業で、地方公共団体が対象となる。"
"4964","住宅・建築物安全ストック形成事業"," 住宅・建築物の安全性を向上させる事業で、耐震診断・補強設計・耐震改修及び建替え、ブロック塀・天井・エレベーターの耐震化、土砂災害対策及びアスベスト対策の改修を補助対象としている。対象は地方公共団体。"
"4966","土地区画整理事業"," id:4966の土地区画整理事業は、換地手法を用いて公共施設を整備し、土地の区画を整え宅地利用を増進させ、健全な市街地の形成と良好な宅地の供給を図る事業で、地方公共団体等が助成対象となっている。"
"4967","街なみ環境整備事業"," id:4967の街なみ環境整備事業は、住環境の整備改善を必要とする区域において、住宅や地区施設等の整備改善を行う事業で、地方公共団体や土地所有者等を対象とし、協議会組織による良好な街なみ形成のための活動や、街なみ環境整備方針及び街なみ環境整備事業計画の策定、生活道路や小公園など"
"4968","住宅市街地基盤整備事業"," 住宅及び宅地の供給促進が必要な地域において、住宅宅地事業に係る関連公共施設等の整備を総合的に行う事業で、地方公共団体、独立行政法人都市再生機構、地方住宅供給公社、民間事業者等が対象となっている。"
"4969","住宅市街地総合整備事業"," id:4969の住宅市街地総合整備事業は、既成市街地の再生・整備を総合的に行う事業で、整備計画策定、住宅整備、公共施設の整備などが補助対象となっている。対象は地方公共団体、独立行政法人都市再生機構、地方住宅供給公社、民間事業者など。"
"4970","住宅地区改良事業"," id: 4970の住宅地区改良事業は、不良住宅が密集する地区の環境の整備改善を図り、健康で文化的な生活を営むに足りる住宅の集団的建設を促進する事業で、地方公共団体を対象としている。"
"4972","優良建築物等整備事業"," id:4972の優良建築物等整備事業は、市街地の改善整備、良好な市街地住宅の供給等を促進するための事業で、地方公共団体、独立行政法人都市再生機構、地方住宅供給公社、民間事業者などが対象となっている。"
"4973","防災集団移転促進事業"," id:4973の防災集団移転促進事業は、災害が発生した地域又は災害危険区域のうち、住民の居住に適当でないと認められる区域内にある住居の集団的移転を促進する事業で、市町村（特別な場合は都道府県）が対象となっている。"
"4974","がけ地近接等危険住宅移転事業"," 危険な住宅からの移転を行う方に対し、移転費用や敷地造成費用の一部を補助する事業で、補助率は１／２である。"
"4975","災害関連地域防災がけ崩れ対策事業"," 市町村地域防災計画で危険箇所として指定されたがけ地で、激甚災害に伴い崩壊が発生した箇所に対して、がけ崩れ防止工事を実施する事業で、補助率は１／２です。"
"4976","恩給担保貸付"," 恩給等を担保に、教育費や居住関係費、事業資金等を融資する恩給担保貸付があり、恩給等の受給者の方が対象です。"
"4977","被災者（個人・個人事業主）の債務整理支援"," 被災者の債務整理支援として、自然災害の影響により借入の返済が困難な個人の債務者に対し、債務の免除等を受けることができる。"
"4978","市街地再開発事業"," 市街地再開発事業は、防災上危険な地区や、駅前広場等の公共施設の整備が遅れている地区を再整備する事業で、基本計画作成や調査設計、土地整備、共同施設整備などが助成対象となっている。"
"4979","市街地再開発事業"," 市街地再開発事業は、防災上危険な地区や、駅前広場等の公共施設の整備が遅れている地区を再整備する事業で、基本計画作成や調査設計、土地整備、共同施設整備などが助成対象となっている。"
"4980","街なみ環境整備事業"," id:4980の街なみ環境整備事業は、住環境の整備改善を必要とする区域において、住宅や地区施設等の整備改善を行う事業で、地方公共団体や土地所有者等を対象とし、補助率は１／２又は１／３である。"
"4982","住宅市街地総合整備事業"," id: 4982の住宅市街地総合整備事業は、既成市街地の再生・整備を総合的に行う事業で、整備計画策定、住宅整備、公共施設の整備などが補助対象となっている。対象者は地方公共団体、独立行政法人都市再生機構、地方住宅供給公社、民間事業者など。"
"4983","優良建築物等整備事業"," id: 4983の「優良建築物等整備事業」は、市街地の改善整備、良好な市街地住宅の供給等を促進するための事業で、地方公共団体、独立行政法人都市再生機構、地方住宅供給公社、民間事業者等が対象となっている。"
"1021","障害者就業・生活支援センター"," 県内の13障がい保健福祉圏域に設置した「障害者就業・生活支援センター」は、働きたい障がいのある人と県内事業者に対して就業および生活支援を行っている。"
"1289","家庭支援電話相談等事業"," id:1289の事業では、子どもと保護者の家庭問題について電話相談員が対応する。対象者は子ども本人と保護者。"
"1426","しずおか木使い施設推進事業"," 静岡県内で、品質の確かな静岡県産木材製品を使用して、木造施設を建築(新築・増改築)、または、施設を木質化する建築主を支援する事業。"
"1425","住んでよし　しずおか木の家推進事業"," 静岡県内で、品質の確かな静岡県産木材製品を使用して住宅を取得(新築・増改築)またはリフォームする建築主を支援する推進事業。"
"1540","ひとり親家庭医療費"," ひとり親家庭の親子が医療機関で診療を受けた際の自己負担額を助成する制度で、対象は県民（ひとり親等）です。"
"1537","ひとり親家庭等日常生活支援事業"," id:1537のひとり親家庭等日常生活支援事業は、県民（ひとり親等）の育児や身のまわりの支援を行うため、家庭生活支援員を派遣する。"
"1534","ひとり親家庭高等職業訓練促進資金貸付事業"," ひとり親家庭の県民を対象に、高等職業訓練促進給付金を受けて入学準備金・就職準備金を貸付けする事業。"
"1532","母子家庭等自立支援教育訓練給付金事業"," ひとり親家庭の母または父が、指定された教育訓練給付講座を受講し修了した場合、受講経費の一部を支給する事業(id:1532)。対象者は県民（ひとり親）。"
"1531","ひとり親家庭高等学校卒業程度認定試験合格支援事業"," ひとり親家庭の児童が高等学校卒業程度認定試験合格を支援するため、給付金を支給する支援事業。対象者は県民（ひとり親等）。"
"1364","身体障害者手帳"," 身体障害者手帳(id: 1364)を対象とした文章。"
"1365","特別障害者等手当"," 特別障害者等手当(id: 1365)の対象者"
"1366","特別児童扶養手当"," 特別児童扶養手当の対象者"
"1368","医療安全相談窓口"," ID:1368の医療安全相談窓口を対象とした文章。"
"1620","栃木県高等学校等修学資金貸与"," 栃木県内の高等学校等に在学し、勉学の意欲があるが経済的理由で修学が困難な生徒に対して修学資金を貸与する。"
"1621","栃木県奨学のための給付金（公立）制度"," 栃木県で住所を有し、国公立の高等学校等に在学する高校生等がいる生活保護受給世帯または住民税所得割非課税世帯もしくは家計急変により非課税世帯相当となったと認められる世帯に対し、授業料以外の教育費負担を軽減するための奨学のための給付金を支給する。"
"1416","短期農業インターン受入事業"," 静岡県で新規就農を希望する方に、3～7日間の短期農業体験の機会を無料で提供しています。参加者が負担するのは往復旅費および傷害保険料などです。"
"1779","九州グローバル人材活用促進事業"," 九州グローバル人材活用促進事業は、九州に本社、支社または事業所を有する企業・団体と、大学・大学院、短期大学、高等専門学校および専修学校に在籍する留学生、卒業後の就職活動を行う者、学士以上の学位を取得して来日した者などを対象としたマッチングサイトを提供しています。"
"1240","やまなし就職応援ナビ"," 山梨県が運営する就職情報ポータルサイト「やまなし就職応援ナビ」では、合同就職説明会のイベント情報やWeb就活情報、県内企業の特集記事などを掲載している。対象は山梨県での就職を考えている学生、求職者。"
"1352","精神障害者保健福祉手帳"," id:1352の精神障害者保健福祉手帳を対象とした文章。"
"1230","福島県PCB汚染機器分析支援事業補助金"," 福島県内(福島市、郡山市、いわき市を除く)の中小企業者、個人事業主、中小法人、中小企業団体等、個人、破産管財人が保管または所有しているPCB汚染機器の分析費用の2分の1(1台につき上限額15,000円)を補助するPCB汚染機器分析支援事業補助金を募集する。"
"1489","スマートエネルギー住宅普及促進事業補助金"," 住宅向け再エネ・省エネ設備等の導入を促進するために，補助金を実施する。"
"1037","高等教育修学支援新制度による支援"," 新型コロナウイルス感染症の影響で家計が急変した学生を対象とした高等教育修学支援新制度が導入され、授業料・入学金の減免や給付型・貸与型奨学金の支給などの支援を行う。"
"1004","県営住宅の一時提供"," 県営住宅の空き住戸を新型コロナウイルス感染症拡大により収入が減少した入居者または現状の家賃を支払うことが困難な入居者に一時提供する。使用期間は原則6ヵ月間、使用料は最低家賃の2分の1の額。"
"1488","福岡県住宅関連研修事業"," 福岡県では、工務店等の住宅建築関連業者に対し、防災・リフォーム・省エネルギー等の研修会を実施し、住宅建設を推進しています。"
"1001","猟銃所持の許可更新の申請について"," 新型コロナウイルスへの感染やそのおそれを理由に、猟銃の所持の許可の更新を受けることができない方に対して、許可の有効期間が満了していない場合であっても更新の申請を可能とする措置がある。また、許可の有効期間が満了してしまった場合でも、危険防止上必要があると認められる場合は仮領置することがある。"
"998","にんしんSOSふくおか"," id: 998の「にんしんSOSふくおか」は、妊婦の方々からの新型コロナウイルスに関するお問い合わせに回答するサービスです。"
"1069","山口県・市町中小企業勤労者小口資金貸付制度"," 山口県内の中小企業勤労者を対象とした貸付制度で、貸付条件・貸付限度額・貸付期間・貸付利率・償還方法・保証機関等を要求する。対象者は、県内に居住し、同一事業所に1年以上勤続している方、市町税を完納している方、資金の使途が明確な方、返済能力のある方である。"
"1768","災害に関する所得税の取扱い (個人の方)"," 災害により被害を受けた個人の方は、所得税および復興特別所得税の軽減または免除を受けられる場合があり、純損失の金額を還付の請求または控除することができる。"
"903","山梨県障害者福祉サービスのご案内 (令和3年度版)"," 山梨県にお住まいの障害のある方向けに、サービスや相談窓口をまとめた令和3年度版のご案内です。"
"1682","危険物の取扱作業の保安に関する講習"," 消防法第13条の23に基づく危険物取扱者の法定講習の実施。危険物取扱者は受講日以後の3年以内、または従事開始前2年以内に講習を受ける必要があり、講習未受講で危険物の取扱作業に従事した場合は免状返納命令の対象となる。"
"1681","消防設備士試験"," 消防設備士試験（国家資格）を実施する。対象者は個人。"
"1680","危険物取扱者試験"," 危険物取扱者試験（id: 1680）を実施し、個人を対象とする。"
"1678","消費生活相談"," id: 1678、タイトル: 消費生活相談、対象: 県内にお住まいの個人（消費者）"
"1543","保育士・保育所支援センター"," 保育士・保育所支援センターは、保育の仕事をしたい方と人材を求める保育の職場をつなぐ職業案内や、保育の仕事に関する各種相談・情報提供を行うサービスで、対象は県民です。"
"1542","保育教諭等資格取得支援事業"," id:1542の保育教諭等資格取得支援事業は、認定こども園等に勤務する方に保育士資格と幼稚園教諭免許の併有支援を行うもので、対象は県民です。"
"1539","母子・父子自立支援員"," id:1539の「母子・父子自立支援員」は、母子家庭、父子家庭、寡婦の県民（ひとり親等）の暮らしや住まい、就労などに関する悩みや問題を電話や家庭訪問などで解決へのお手伝いをしています。"
"1536","母子家庭等就業・自立支援センター"," ひとり親家庭の母等を対象に、就業支援から自立支援までを行う母子家庭等就業・自立支援センターを県民に提供する。"
"1535","生活保護受給者等就労自立促進事業（児童扶養手当受給者対象）"," 県民のひとり親を対象とした、ハローワークと福祉事務所の連携による就労支援事業。支援メニューには、就労支援ナビゲーターによる支援、トライアル雇用、公共職業訓練、民間の教育訓練講座の受講アドバイス、一般の職業相談・紹介が含まれる。"
"1533","高等職業訓練促進給付金等事業"," 県民のひとり親が1年以上養成機関で修業する場合、生活負担を軽減するための給付金を支給する高等職業訓練促進給付金等事業がある。"
"1530","母子父子寡婦福祉資金貸付制度"," 県民のひとり親家庭を対象とした母子父子寡婦福祉資金貸付制度を実施している。"
"1529","テレホン児童相談"," id:1529のテレホン児童相談は、児童の養育、心身障害、非行、性格行動、不登校などに関する悩みを県民から受け付けている。"
"1528","児童虐待防止"," id:1528のタイトル「児童虐待防止」は、県民を対象とした児童虐待等に関する相談・通告を行うサイトである。"
"1527","私立高等学校等に通学される場合の支援制度"," 低所得者世帯の生徒が私立高等学校等に通学する場合に、所得区分に応じて授業料等を支援する制度。"
"1526","高等教育修学支援新制度"," 低所得者世帯の生徒が機関要件を満たした専門学校に通う際、入学金および授業料を減免する新しい制度。"
"1683","消防設備士に対する消防用設備等の工事、整備に関する講習"," id: 1683の消防設備士に対する消防用設備等の工事、整備に関する講習を実施。2年以内または5年以内に受講する必要があり、未受講の場合は免状返納命令の対象となる。"
"1581","企業向け外国人材雇用等相談窓口"," 企業向けの無料外国人材雇用相談窓口で、弁護士、行政書士、社会保険労務士が企業等に対応します。"
"1580","とちぎ外国人相談サポートセンター"," 栃木県に住む外国人を対象に、在留手続、雇用、医療、福祉、出産・子育て・子どもの教育等の生活に関わる様々な事柄についての相談や情報提供を無料で行う「とちぎ外国人相談サポートセンター」を設置した。"
"1579","大学コンソーシアムとちぎグローバル人材育成事業"," 栃木県内の高等教育機関に在籍する正規生で、日本国籍を有する、または永住が許可されている者を対象に、海外留学・海外インターンシップを経済的に支援する「大学コンソーシアムとちぎグローバル人材育成事業」がある。"
"558","新事業支援施設（ビジネス・インキュベータ）による創業・ベンチャー支援"," 中小企業基盤整備機構が全国で29のインキュベーション施設を展開し、創業や新製品・新技術の研究開発を行う中小企業者や個人を支援する。"
"853","住宅ローン控除の適用要件の弾力化"," 新型コロナウイルス感染症の影響により住宅入居が遅れた場合でも、一定の条件を満たした場合には住宅ローン控除を受けられるよう、適用要件が見直されました。"
"854","中止等された文化芸術・スポーツイベント入場料等の払戻請求権を放棄した場合の寄附金控除の適用"," 政府の自粛要請により中止等された文化芸術・スポーツイベントの入場料等の払戻請求権を放棄した場合、放棄した金額が寄附金控除（所得控除または税額控除）の対象となる。"
"908","感染拡大防止のための新型コロナウイルス対策休業助成金"," id: 908の新型コロナウイルス対策休業助成金は、山梨県内で発生した際の感染拡大防止のため、感染や濃厚接触により休業をする方に一定額の助成を行うものである。"
"948","就農支援資金の支払猶予"," 新型コロナウイルス感染症の影響を受けた認定農業者は、就農支援資金の償還猶予を申請することができ、償還期間と据置期間が定められている。"
"960","電話による人権相談窓口（福岡県）"," 福岡県では、新型コロナウイルス感染症に関する人権侵害・差別等を受けた方のご相談を電話により受け付けています。"
"961","ふくおか人権ホットライン"," 福岡県弁護士会が運営する、人権侵害・差別等を受けた方のための電話相談サービス「ふくおか人権ホットライン」。毎月第4金曜日15:00～18:00に電話番号092-724-2644から無料で相談可能。"
"995","ふくおか自殺予防ホットライン"," ふくおか自殺予防ホットラインは、新型コロナウイルス感染症拡大の影響で生きるのがつらいと感じている一般県民のための電話相談を行う。"
"996","心の健康相談電話"," id: 996の心の健康相談電話を一般県民を対象に新型コロナウイルスの感染拡大に伴う生活環境の変化等による心の悩みの電話相談を行う。"
"997","医療従事者の心の健康支援事業"," 新型コロナウイルス感染症の治療に従事する医療従事者とそのご家族のための電話相談窓口を設置する心の健康支援事業。"
"1006","労働相談・あっせん制度について"," 群馬県内の事業主およびその事業主に雇用され、または雇用されていた労働者を対象とした、労働相談・あっせん制度を提供しています。詳細はウェブサイトを参照してください。"
"1019","福岡県子育て女性就職支援センター"," 福岡県内4か所にある「子育て女性就職支援センター」では、女性を対象に就業相談や保育情報提供、セミナー開催、出張相談、仕事のあっせんなどを行っている。対象者は県内にお住まいの働きたい女性と県内企業の求人を考えている企業。"
"1022","福岡県障がい者雇用拡大事業事務局"," 福岡県障がい者雇用拡大事業事務局は、中小企業における障がい者雇用の拡大を目的として、就職相談から個別指導、職業紹介、就職後の定着までの支援を実施し、啓発や理解促進のための企業訪問やセミナーを開催している。対象者は県内にお住まいの働きたいと思っている障がいのある人、及び障がい者雇用を考えている県内事業者。"
"1027","消費生活に関する相談"," 福岡県在住の消費者からの消費生活に関する苦情相談を受け、解決に向けた助言や情報提供を行う。"
"1030","新型コロナウイルス感染症に関する県税における徴収猶予の制度"," 新型コロナウイルス感染症に関連して納税者が苦しむ場合、納税の猶予制度があり、一定期間納税が猶予される。"
"1031","生活保護"," 生活保護は、困窮している人々に必要な保護を行い、健康で文化的な最低限度の生活を保障し、自立を助長する制度である。対象者は、すべての資産や能力を活用してもなお困窮している人々である。"
"1070","山口県・市町離職者緊急対策資金貸付制度"," 山口県内に居住し、離職を余儀なくされた勤労者で、離職後1年以内の方、ハローワークで求職活動を行っている方、市町税を完納している方、返済能力のある方が対象となる山口県・市町離職者緊急対策資金貸付制度です。"
"1071","中小企業勤労者賃金遅払資金貸付制度"," 中小企業勤労者賃金遅払資金貸付制度は、賃金の遅払により生活資金にお困りの方を対象とした貸付制度で、貸付限度額54万円（3ヶ月分）、貸付期間6ヶ月以内、貸付利率年1.64％（保証料別途）、償還方法一括償還、保証人等連帯保証人1名と(一社)日本労働者信用基金協会の債務保"
"1076","新型コロナウイルス感染症に係る国民健康保険料（税）の減免・徴収猶予"," 新型コロナウイルス感染症の影響により、国民健康保険料（税）の徴収猶予や減免が行われる可能性があり、収入が激減した個人には一時の納付が困難な場合がある。"
"1080","解雇により住居を失った方等に対する県営住宅の提供"," 生活の場を確保するため、新型コロナウイルス感染症拡大の影響による解雇等により住宅を失った方などに対して、県営住宅の空き住戸を50戸提供する。入居条件は派遣契約の停止等に伴う住居喪失者、廃業者、収入減少者、不安定な居所を確保する必要がある者など。家賃は3,300円から1万3,300円。"
"1141","離職者等再就職支援事業"," 離職者を対象とした再就職支援事業で、静岡県立技術専門校が委託する民間教育訓練機関で2～6か月間の職業訓練を実施。対象者はハローワークへ求職申込みをしている離職者の方。"
"1142","しずおかジョブステーション運営事業"," 「しずおかジョブステーション」では、就職相談・キャリアカウンセリング、就職氷河期世代の支援、外国人相談、セミナー、ハローワークコーナーでの職業紹介などを行い、求職活動を行うすべての方に対し一貫した就職支援を実施しています。"
"1143","外国人技能実習生等再就職支援事業"," 新型コロナウイルス感染症の影響で実習の継続が困難となった外国人技能実習生の再就職を支援するため、オーダーメイド型の研修を実施する事業。"
"1187","新型コロナウイルス感染症に関する相談（生活等に関する相談）"," id: 1187の新型コロナウイルス感染症に関する相談窓口を案内する。対象は事業者・個人。"
"1188","新型コロナウイルスワクチン接種に関するお知らせ"," id: 1188の新型コロナウイルスワクチン接種に関するお知らせで、ワクチン接種の準備状況スケジュールなどを事業者・個人に知らせる。"
"1189","新型コロナワクチン専門相談ダイヤル"," 新型コロナワクチン専門相談ダイヤルを開設し、事業者・個人が副反応や安全性に関する相談を受けられるようにした。"
"1190","新型コロナウイルス感染症関連情報 （感染に関する情報）"," id: 1190の新型コロナウイルス感染症関連情報（感染に関する情報）は、新型コロナウイルス感染症の発生状況、県内の医療提供体制の状況を知りたい事業者・個人を対象としている。"
"4921","医療保険、介護保険の保険料・窓口負担の減免措置等"," 医療保険、介護保険の保険料・窓口負担について、減免措置が講じられる場合があります。特別な理由により支払いが困難と認められる方は、保険者や市町村にご確認ください。"
"4928","生活困窮者自立支援制度"," 地方公共団体の相談窓口で、生活困窮者に対して、自立支援事業を実施し、他の専門機関と連携した支援を行う。"
"4945","住宅の応急修理（災害救助法）"," 災害救助法に基づく住宅の応急修理は、住宅が半壊（半焼）若しくは、準半壊（損害割合が10%以上20%未満）の住家被害を受け、自ら修理する資力がない世帯に対して、必要な最小限度の部分を応急的に修理する。また、応急仮設住宅の入居が可能となりました。"
"1538","児童扶養手当"," id:1538、タイトル:児童扶養手当、対象:県民（ひとり親等）、内容:ひとり親家庭等を対象とした手当。"
"1020","福岡県70歳現役応援センター"," 福岡県内4か所にある「福岡県70歳現役応援センター」では、おおむね60歳以上の高齢者を対象に就職や社会参加の支援を行い、高齢者向けの求人開拓や企業向けのセミナーを実施している。"
"1345","重度訪問介護従事者養成研修"," id:1345の重度訪問介護従事者養成研修は、福祉事業所などで重度訪問介護従業者として従事できるように必要な知識を習得するための研修で、対象者は個人です。"
"10094","がけ地近接等危険住宅移転事業"," 災害危険区域等における危険住宅の移転を促進するため、市町村を支援する事業で、危険住宅の撤去費、引越費用、建設費用などを2分の1で補助する。"
"10180","わかものハローワーク"," わかものハローワークは35歳未満の方が正社員就職を目指すために無料で就職支援ナビゲーターによるマンツーマン支援を受けることができる。求人情報の検索や職業訓練の紹介なども行っている。"
"10179","新卒応援ハローワーク"," 新卒応援ハローワークは、大学・大学院・短大・高専・専修学校などの学生・生徒の方や、これらの学校を卒業した方のための就職支援サービスで、全国56か所に設置されています。就職活動に関する相談、応募書類の添削、面接指導、各種セミナーなどを無料で受けることができます。対象者は大学院・大学・短大・高専・専修学校等の学生・生徒の方や、"
"10183","マザーズハローワーク・マザーズコーナー"," 「マザーズハローワーク・マザーズコーナー」は、子育てをしながら仕事を探す方を応援する施設で、無料の就職支援メニューや子育て支援情報を提供しています。"
"10173","支給認定の申請"," 子ども・子育て支援新制度による給付を受けるためには、「教育・保育給付認定」を受ける必要があり、提出する市区町村によって添付書類の有無と種類が異なる。認定の対象は、3歳以上の小学校就学前までのお子さん（2号認定を除く）、保育が必要な要件に該当し、定期的な保育を希望する0歳から2歳までのお子さん。"
"10167","児童手当等の氏名変更/住所変更等の届出"," 受給者又はお子さんの氏名または住所が変更になった場合は、届出を行う必要がある。住所が変更になった場合は、受給者が当該市区町村内で変更した場合は届出、他の市区町村に変更した場合は受給事由消滅届を提出する必要がある。"
"1254","県政出張講座"," 山梨県職員が自治会や会社などの集まりに伺い、県の施策などについて説明・意見交換する制度である「県政出張講座」を実施している。対象は20人以上の自治会・企業・サークルなどの集まりで、営利活動、宗教活動、政治活動を目的とするものは対象外となる。"
"1866","ふくおか県産材家づくり推進助成制度"," 福岡県で新築または購入する住宅（未使用）を建設する方に対して、県産木材を活用した木造住宅を建設するための助成金を支給する制度である。"
"10138","日本学生支援機構の貸与型奨学金（無利子・有利子）"," 日本学生支援機構の貸与型奨学金（無利子・有利子）は、高等教育機関に在学する学生を対象に、月々の貸与金額が異なる奨学金を提供しています。一定の学力や学習意欲を満たしている世帯収入が家計基準を満たしている学生が対象です。"
"10071","恩給担保貸付"," 恩給等を担保に、教育費や居住関係費、事業資金等を融資する恩給担保貸付が対象者に提供されています。"
"10152","セーフティネット登録住宅における家賃等の低廉化支援"," 住宅確保要配慮者専用賃貸住宅について、家賃等の低廉化支援を行う。"
"10151","セーフティネット登録住宅における改修事業"," 住宅セーフティネット制度に基づき、住宅確保要配慮者専用の住宅を改修する場合の改修費に対して支援を行う。"
"10140","学生サポーター制度"," 国立青少年教育振興機構が、経済的に困難な状況下で大学や専門学校において勉学に励む学生を支援する「学生サポーター制度」を行っています。学生は、土日や長期休暇期間に施設で業務に従事し、毎月定額を支給されます。"
"10147","義務教育段階の就学援助"," 経済的理由により就学困難と認められる学齢児童生徒の保護者に対して、市町村が必要な支援を行う。対象者は要保護者、準要保護者、困窮している者。"
"10144","学び直しへの支援"," 中途退学者が高等学校等で学び直す場合に、就学支援金相当額を支給する制度である。"
"10143","高校生等奨学給付金"," id:10143の高校生等奨学給付金は、低所得世帯の高校生等の教育費負担を軽減するための返還不要の給付金制度で、日本国内に住所を有する保護者等が対象である。"
"10142","高等学校等就学支援金"," 国が授業料支援を行う高等学校等就学支援金の仕組みで、日本国内に住所を有する高校等（高専、高等専修学校等を含む）に在学する生徒に対して、世帯年収に応じて月額9,900円～3万3,000円の支給を行う。"
"10022","家計が急変した学生等への支援（高等教育の修学支援新制度）"," 住民税非課税世帯を対象に、学生生活に必要な生活費等をカバーする給付型奨学金と授業料等減免による支援を行う高等教育の修学支援新制度。家計急変した場合は家計急変後の収入見込みにより審査を行う。"
"10135","高等教育の修学支援新制度"," 住民税非課税世帯を対象に、給付型奨学金と授業料等減免による高等教育の修学支援新制度を実施する。対象者は前年度の課税標準額を基準に所得要件を満たした方。"
"10136","私立高等学校等の授業料減免"," 私立の小学校から特別支援学校まで、家計急変による授業料納付困難な児童生徒に対して授業料減免を行い、都道府県が減免額を補助する制度である。"
"962","母子父子寡婦福祉資金貸付金（新型コロナウイルス感染症に係る特例）"," 母子父子寡婦福祉資金貸付金（新型コロナウイルス感染症に係る特例）は、新型コロナウイルス感染症の影響により償還が困難な場合に償還金の支払いを猶予するほか、窮迫していると認められる寡婦に対して所得制限を適用しない特例を定めている。対象はひとり親家庭の親および寡婦で、猶予期間は1年以内で無利子と"
"10131","特別支援教育就学奨励費"," 特別支援学校および小・中学校の特別支援学級等への就学する幼児児童生徒の保護者等へ、就学に要する経費を保護者等の負担能力に応じ支給する特別支援教育就学奨励費を支援する。"
"1252","住居確保給付金"," 主たる生計維持者が離職・廃業後2年以内、または個人の責任・都合により給与等を得る機会が減少している場合、一定の要件を満たした場合、市町村ごとに定める額を上限に実際の家賃額を3か月間（延長可能）支給する住居確保給付金が支給されます。"
"10101","沖縄県高等学校等奨学のための給付金制度（国公立）"," 沖縄県内の低所得世帯を対象に、授業料以外の教育費負担を軽減するための給付金制度である。"
"1206","新型コロナウイルス感染症に関する相談窓口"," 新型コロナウイルス感染症に関する相談窓口を案内。発熱などの症状がある場合は、かかりつけ医や最寄りの医療機関などに電話で相談するか、受診・相談センターへご相談ください。"
"1218","働く人のメンタルヘルス相談"," id:1218のタイトル「働く人のメンタルヘルス相談」では、群馬県産業経済部労働政策課でメンタルヘルスに詳しい産業カウンセラーが働く人のご相談に応じます。"
"1220","徴収(換価)猶予制度"," 新型コロナウイルスの影響により、愛媛県税の納税義務者は、収入が前々年同期に比べおおむね20％以上減少している場合、または一時に納税が困難な場合には、無担保かつ延滞金なしで猶予を受けることができます。"
"1244","新型コロナウイルス感染症の影響による特別労働相談窓口"," 県内4地域に新型コロナウイルス感染症の影響による特別労働相談窓口を設置し、労働者、使用者双方からの相談を受け付けています。"
"1249","福岡県中高年就職支援センター"," 福岡県中高年者を対象に、個別就職相談やセミナーなどの支援を行い、新型コロナウイルスの影響を受けた求職者を支援する。"
"1274","ふじのくにNPO活動センター[静岡県]"," id:1274のふじのくにNPO活動センター[静岡県]は、NPO活動に関する情報の収集・発信、相談対応、人材育成を行っている。対象は静岡県内でNPO活動をおこなっている個人もしくは団体、またはNPOや社会貢献活動に関心がある個人もしくは団体。"
"1279","防犯まちづくり講座"," id:1279の防犯まちづくり講座を開催し、女性の安全対策、子どもの安全、特殊詐欺から地域を守るための知識・技能を県民に提供する。対象者は地区安全会議のリーダーや防犯まちづくり活動に率先して取り組む意欲のある県民。"
"1285","芝生の育成管理に関する相談"," 県芝草研究所では、芝生の育成管理に関する相談を受け付け、必要に応じて現場指導も実施している。"
"1337","災害情報配信サービス"," (株)レスキューナウが、聴覚・視覚障害者の携帯電話に対して、県または市町が提供する災害情報をメール機能を利用して配信するサービス。対象者は個人。"
"1338","点訳・音訳ボランティア養成講座"," 視覚障害者への支援ボランティアを養成する点訳・音訳の講座を開催し、受講者が技術を習得して支援ボランティアとして活動する。対象者は個人。"
"1339","同行援護従業者養成研修"," 同行援護従業者養成研修(id:1339)は、福祉事業所などで同行援護従業者として従事できるように必要な知識を習得するための研修で、対象者は個人です。"
"1340","手話通訳者養成・研修事業"," 県および市町が実施する手話通訳者派遣事業に従事するための研修を実施し、試験合格者を登録手話通訳者として活動させる。対象者は個人。"
"1341","要約筆記者養成・研修事業"," 県および市町が実施する要約筆記者派遣事業に従事する者を養成する研修を実施し、研修修了者は要約筆記者派遣事業に従事する登録要約筆記者として活動する。対象者は個人。"
"1342","盲ろう者向け通訳兼介助者養成・研修事業"," 県が実施する盲ろう者向け通訳兼介助者派遣研修を通じて、必要な技術を習得し、活動する登録通訳兼介助者を養成する。対象者は個人。"
"1343","失語症者向け意思疎通支援者養成講座"," 県が実施予定の派遣事業に従事できる失語症者向け意思疎通支援者を養成する研修を実施する。対象者は個人。"
"1344","居宅介護職員初任者研修"," id:1344の居宅介護職員初任者研修は、居宅介護職員として必要な知識を習得するための研修で、研修修了者は福祉事業所などで居宅介護職員として従事できる。対象者は個人。"
"1418","新規就農者受入促進支援事業"," 静岡県の認定新規就農者に対し、中古農業用施設の再整備・改修等の費用の一部を助成する新規就農者受入促進支援事業を実施しています。"
"1427","漁業就業者確保支援センター"," id: 1427、静岡県内の漁業就業者への相談対応、就業前研修支援制度の紹介を行う漁業就業者確保支援センター。"
"1478","住宅情報プラザ福岡"," id:1478の住宅情報プラザ福岡は、福岡県・福岡市の公的物件（県営住宅・市営住宅・公社賃貸住宅）や助成・制度の情報を提供している。"
"1495","労働相談［山梨県］"," 山梨県内の事業所で働いている方や事業主、管理職の方が、労働に関する様々な問題（解雇、雇止め、配置転換、賃金未払い、パワハラ等）や疑問について、県職員が無料で相談に応じるサービス(id: 1495)を提供しています。"
"1496","福岡県居住支援協議会"," 福岡県居住支援協議会は、住宅確保要配慮者に対し、住宅情報の提供等の支援を実施するもので、住宅セーフティネットの充実を図ることを目的としている。"
"1769","個人で事業を行っている方の記帳・帳簿等の保存"," 個人で事業を行う全ての方は、記帳・帳簿書類の保存が必要です（所得税申告の必要なし）。詳細は参照先をご覧ください。対象者：事業所得、不動産所得、山林所得を生ずべき業務を行う全ての方。"
"1770","所得税の青色申告特別控除"," 不動産所得または事業所得を生ずべき事業を営んでいる個人の方は、正規の簿記の原則に従い記帳し、その記帳に基づき作成した貸借対照表および損益計算書等を提出期限内に提出することで、最高55万円（e-Taxによる電子申告または電子帳簿保存の場合は最高65万円）を控除することができます。"
"10127","沖縄県バス通学費等支援制度（国公立）"," 沖縄県では、非課税世帯を対象にバス・モノレール通学費を無料化する支援制度を実施しています。対象は、県内の県立高校・中学校、国立高等専門学校（1年～3年）、私立高校・中学校、学校外の施設（フリースクール）で恒常的に相談・指導を受けている中高生です。"
"10030","求職者支援制度"," 求職者支援制度は、月10万円の生活支援の給付金を受給しながら、無料の職業訓練を受講する制度で、特定求職者（雇用保険に加入できなかった方、失業給付を受給中に再就職できないまま支給終了した方など）が対象となります。"
"10102","高等学校等専攻科修学支援金"," 沖縄県立高等学校専攻科に通う生徒に対して、授業料を全額または一部補助する専攻科修学支援金が支給される。対象者は日本国内に住所を有し、所得による制限を超過していない、修了していない、24月を超えていない方。"
"10095","高等学校等奨学事業(高校育英奨学金および高等学校奨学金)"," 沖縄県内に住所を有し、高等学校等に在学している高校生等に対して、月額18,000円(国公立)、30,000円(私立)の奨学金を貸与し、1回限りで22万円の修学支援奨学金を支給する高等学校等奨学事業を実施しています。詳細は沖縄県国際交流人材育成財団へお問い合わせください。"
"10089","防災集団移転促進事業"," id:10089の防災集団移転促進事業は、災害が発生した地域又は災害危険区域のうち、住民の居住に適当でないと認められる区域内にある住居の集団的移転を促進する事業で、市町村（特別な場合は都道府県）が対象となっている。"
"10088","宅地耐震化推進事業"," id:10088の「宅地耐震化推進事業」は、大規模盛土造成地などの変動予測調査及び防止対策を推進する事業で、地方公共団体が対象となる。"
"10086","都市防災総合推進事業"," id: 10086の都市防災総合推進事業は、防災上危険な市街地等の地区レベルの防災性向上を図る事業で、地域の災害危険度判定調査や住民等のまちづくり活動を活性化するための事業、避難地・避難路等の地区公共施設の整備、激甚災害に指定された市町村を対象に復興まちづくり計画の策定から公共施設や共"
"10024","食品廃棄物等多量発生事業者の定期報告"," 食品関連事業者は、平成19年改正の食品リサイクル法に基づき、前年度に100トン以上の食品廃棄物を発生させた場合、主務大臣への報告を行う必要がある。"
"10013","漁船の登録"," 漁船として使用する場合は、漁船原簿に登録し、漁船登録票を受け取る必要がある。対象: 所有者。"
"4908","恩給担保貸付"," id:4908のタイトル「恩給担保貸付」は、恩給等を担保にして教育費や居住関係費、事業資金などを融資するもので、恩給等の受給者の方が対象です。"
"4911","小・中学生の就学援助措置"," id:4911の就学援助措置は、災害による経済的な理由によって就学が困難な児童・生徒の保護者を対象に、学用品費、新入学用品費、通学費、校外活動費、学校給食費等を援助する。"
"4922","国民年金保険料の免除等"," 被災により国民年金保険料の送付が困難な場合、申請により保険料の納付が免除等される場合があり、被災に伴い住宅、家財、その他の財産について、おおむね２分の１以上の損害を受けられた方が対象です。"
"4923","障害福祉サービス等の利用者負担金の減免"," 災害などの特別な理由により、障害福祉サービス等に要する費用を負担することが困難な場合、都道府県、市町村が定める対象者に対して利用者負担額の減免が行われる。"
"4924","公共料金・使用料等の特別措置"," 被災者に対して、都道府県や市町村が所管する公共料金や施設使用料、保育料等の軽減・免除が行われる。また、電気、ガス、電話料金等も対象となる。対象者は都道府県、市町村、関係事業者が定める。"
"4932","職業転換給付金（求職活動支援費、移転費、訓練手当）の支給"," id:4932の職業転換給付金は、就職が困難な失業者などの再就職を支援するため、求職活動支援費、移転費、訓練手当を支給するものである。"
"4942","特定優良賃貸住宅等への入居"," 被災者の方が特定優良賃貸住宅等に入居する支援を行う。対象は48万7千円以下の所得のある者（15万8千円以下の所得のある者については、所得の上昇が見込まれる者）である。"
"4944","障害物の除去（災害救助法）"," 災害救助法に基づき、災害によって住家又はその周辺に運び込まれた土石、竹木等の障害物を除去する。対象は、自らの資力で除去できない方、または危険を及ぼす可能性のあるものを除去する場合。"
"4965","都市防災総合推進事業"," id: 4965の都市防災総合推進事業は、防災上危険な市街地等の地区レベルの防災性向上を図る事業で、地域の災害危険度判定調査や住民等のまちづくり活動を活性化するための事業、避難地・避難路等の地区公共施設の整備、激甚災害に指定された市町村を対象に復興まちづくり計画の策定から公共施設や共"
"4971","小規模住宅地区改良事業"," 小規模住宅地区改良事業は、不良住宅が集合している地区の生活環境の整備を目的として、住宅の集団的建設、建築物の敷地の整備などを実施する事業で、地方公共団体が対象となっている。"
"4981","住宅市街地基盤整備事業"," id: 4981の住宅市街地基盤整備事業は、住宅及び宅地の供給促進が必要な地域において、住宅宅地事業に係る関連公共施設等の整備を総合的に行う事業で、地方公共団体、独立行政法人都市再生機構、地方住宅供給公社、民間事業者等が対象となっている。"
"1241","新卒者就職応援企業ナビ"," 山梨県が運営する、山梨県の企業情報を発信するサイト「新卒者就職応援企業ナビ」。採用情報、インターンシップ情報などを掲載し、山梨県の企業を検索できる。掲載対象は山梨県の企業、閲覧対象は山梨県での就職を考えている学生、求職者。"
"1367","静岡県心身障害者扶養共済制度"," 静岡県では心身障害者を扶養するための共済制度がある。"
"1477","福岡県生涯あんしん住宅"," 福岡県の生涯あんしん住宅は、安全・安心な住まい、環境に配慮した快適な住まい、地産地消の住まいの3つをコンセプトとして、介護機器等の展示・体験や、省エネ・創エネ、エネルギーの「見える化」等の展示、福岡県産材の活用や県内製品の展示を行っています。"
"1541","保育士修学資金等貸付"," とちぎ保育士・保育所支援センターでは、保育士資格を取得を目指す学生や、就職が決まった方に対し、修学資金や準備金の貸付を実施している。対象は県民です。"
"1204","ぐんま県民労働相談センター"," id:1204のぐんま県民労働相談センターは、労働条件、解雇、賃金不払いなどの労働問題に対する労働者および使用者からの相談を無料・秘密厳守で受け付けています。"
"1280","防犯責任者専門セミナー"," オンラインで防犯責任者専門セミナーを開催し、事業者の防犯対策を支援する。対象は防犯設備の維持管理、従業員への防犯指導を行う防犯責任者。"
"10181","かながわケアラー支援ポータルサイト"," 神奈川県がケアラーへの支援に関する情報を発信する「かながわケアラー支援ポータルサイト」を開設しました。"
"10182","かながわ認知症ポータルサイト"," 神奈川県が認知症に関する情報を公開するポータルサイト(id: 10182)を開設し、認知症のご本人、ご家族、支援者、関連事業者、そして関心のある皆様などを対象にしている。"
"10178","神奈川県新型コロナウイルス感染症対策ポータル"," id:10178の神奈川県新型コロナウイルス感染症対策ポータルは、神奈川県の新型コロナウイルス感染症対策に関する情報を関心のある方にお知らせします。"
"10175","施設等利用給付認定の申請"," 幼稚園や認可外の保育施設、幼稚園の預かり保育などの施設・サービスの利用料が「施設等利用給付認定」を受けている場合は無償化の対象となります。対象となるのは、3歳以上の小学校就学前までのお子さん、保育が必要な要件に該当する小学校就学前までのお子さん、住民税非課税世帯の0～2歳のお子さんです。"
"10174","教育・保育給付認定兼保育施設等の利用申込"," 保育施設・保育サービスを利用するための手続き。利用申込の際、教育・保育給付認定の申請を同時に行える。0歳から2歳までのお子さん、3歳以上で小学校就学前までのお子さんが対象。"
"10171","児童扶養手当の現況届"," 児童扶養手当の現況届は、前年の所得や家族状況などを確認するための届出で、現在児童扶養手当を受給している人（全額支給が停止されている人を含む）が提出対象者である。"
"10170","児童手当等の現況届"," 児童手当等を受けている人は、毎年6月に養育状況などを市区町村に現況届を出すことで受給資格を更新する。"
"10169","児童手当等の額の改定の請求及び届出"," 児童手当等の額を改定する場合は、受給者が新たに養育するお子さんが増えた場合や減った場合などに請求または届出を行う必要があります。"
"10168","児童手当等受給資格者の申出による学校給食費等の徴収等の変更等の申出"," 児童手当等の受給資格者が、児童手当等からの学校給食費等の徴収等の内容を変更または撤回する申出書を提出できる。"
"10163","児童手当等の受給資格および児童手当の額についての認定請求"," 児童手当等を受給するには、住所地の市区町村長の認定が必要で、原則申請した月の翌月分から支給されます。新たに受給する人は、出生日や転出予定日が月末に近い場合は申請月から支給しますが、申請が遅れると遅れた月分の手当を受けられなくなる可能性があります。"
"10162","未支払の児童手当等の請求"," 死亡した人が監護していた中学校修了前の子供に関する未支払の児童手当等を請求することができる。"
"10160","児童手当　受給事由消滅の届出"," 児童手当等の受給事由が消滅した場合は、届出をしてください。ただし、特例給付を受け続ける場合、転出届を提出した場合、15歳を超えた場合は届出不要です。"
"1199","群馬県失業者緊急教育資金"," 群馬県内の失業者の子弟、または再就職して1年未満の方の子弟が、大学等の教育施設に就学する際に必要な資金を、中央労働金庫を通じて融資する制度である。"
"1191","群馬県勤労者教育資金"," 群馬県内の勤労者およびその子弟が大学等に進学する際に必要とする資金を、中央労働金庫を通じて融資する制度であり、融資限度額200万円、融資利率年1.7%、融資期間10年以内、対象者は群馬県内に1年以上住んでいる勤労者である。"
"10159","神奈川県就農支援ポータルサイト"," 神奈川県内で新規就農を目指す方向けの情報を提供するポータルサイト(id: 10159)"
"10158","かながわ働き方改革ポータルサイト"," id:10158のかながわ働き方改革ポータルサイトは、神奈川県の企業や県民の働き方改革への取組に役立つ情報を発信しています。"
"10157","神奈川県子どもの居場所ポータルサイト"," id:10157の神奈川県子どもの居場所ポータルサイトは、神奈川県の子どもの居場所や支援情報を発信しています。"
"10155","神奈川県求職者ポータルサイト"," id:10155の神奈川県求職者ポータルサイトは、神奈川県の求職者向けの情報を発信しています。"
"10154","神奈川県ひきこもり支援ポータルサイト"," id:10154の神奈川県ひきこもり支援ポータルサイトは、神奈川県のひきこもり支援に関する情報を発信しています。"
"10002","神奈川県災害情報ポータル"," id: 10002の神奈川県災害情報ポータルは、神奈川県内の災害情報を発信しています。"
"2373","被災者生活再建支援制度【令和元年東日本台風】"," 令和元年東日本台風により被害を受けた世帯に対し、被災者生活再建支援金を支給し、生活の再建を支援する制度である。大規模半壊以上の被害認定を受けた世帯が対象で、須賀川市、相馬市、二本松市、田村市、本宮市、鏡石町、浅川町の申請期限は令和5年11月11日まで。被災者生活再建支援制"
"10067","国税の特別措置"," 国税の特別措置として、災害などにより申告、納付が困難な場合、期限の延長や納税の猶予、予定納税の減額、源泉所得税および復興特別所得税の徴収猶予、所得税の軽減などが受けられるようになっています。"
"10051","災害復旧貸付"," 日本政策金融公庫が被災した生活衛生関係営業者等に対して、事業復旧のための運転資金および設備資金を融資する「災害復旧貸付」を受付しています。"
"10106","災害復興住宅融資（建設）"," 災害復興住宅融資（建設）は、罹災証明書を受け取った住宅の所有者または居住者が住宅を建設する場合に受けられる融資であり、融資限度額は2,700万円または3,700万円、返済期間は35年となる。"
"10085","株式会社日本政策金融公庫、沖縄振興開発金融公庫による資金貸付"," 株式会社日本政策金融公庫、沖縄振興開発金融公庫が農林漁業者等に対して資金貸付を行っている。"
"10081","災害復旧貸付"," 日本政策金融公庫、沖縄振興開発金融公庫が被災した中小企業・小規模事業者等に対して、事業復旧のための運転資金及び設備資金を融資する災害復旧貸付を行う。"
"10107","住宅金融支援機構融資の返済方法の変更"," 住宅金融支援機構は、被災者に対して融資の返済方法を変更し、罹災割合に応じて1～3年間の猶予期間を設け、金利を0.5～1.5%引下げ、返済期間を1～3年延長することで支援を行う。"
"10073","国の教育ローン"," id:10073のタイトル「国の教育ローン」は、入学資金・在学資金等の教育資金を融資するもので、貸付限度額は学生・生徒1人あたり350万円以内、対象経費は学校納付金、受験費用、教科書代、定期代、下宿代等で、保証人は（公財）教育資金融資保証基金または連帯保証人（学生・生徒の4親等以内の親族）が必要"
"10072","恩給担保貸付"," 恩給等を担保に、教育費や居住関係費、事業資金等を融資する恩給担保貸付を提供しています。恩給等の受給者の方が対象です。"
"10108","災害復興住宅融資（購入）"," 罹災証明書を受け取った住宅の所有者または居住者が住宅を購入する場合に受けられる融資で、融資限度額は3,700万円、返済期間は35年で、元金据置期間を設定できる。対象者は「全壊」「大規模半壊」「中規模半壊」または「半壊」した住宅の所有者または居住者。"
"10109","災害復興住宅融資（補修）"," 「罹災証明書」を受けた住宅の所有者または居住者が住宅を補修する場合に受けられる融資で、融資限度額は1,200万円、返済期間は20年である。"
"10111","地すべり等関連住宅融資"," 地すべりや急傾斜地の崩壊により被害を受けるおそれのある家屋を移転したり、これに代わるべき住宅を建設または購入する場合に利用できる融資で、融資限度額は2,700万円または3,700万円、返済期間は35年で、関連事業計画または勧告に基づいて移転等を要することを証明する書類を受けた方が対象です。"
"10078","セーフティネット登録住宅への入居"," 被災者の方がセーフティネット登録住宅に入居する支援を行う。対象は災害により滅失もしくは損傷した住宅に居住していた方、または災害発生市町村の区域に住所を有していた方。"
"10046","未払賃金立替払制度"," 企業倒産により賃金未払いの状態で退職した労働者に対して、独立行政法人労働者健康安全機構が事業主に代わって未払賃金の一部を支払う制度である。"
